3235#Alexandra Ventura Rodrigues#alexandra.rodrigues@capgemini.com
3236#Ana Carolina Monteiro Soeiro#ana.soeiro@capgemini.com
3237#Ana Catarina Pereira Valente#ana.valente@capgemini.com
3238#Anderson Bernardo Bacolo#anderson.bacolo@capgemini.com
3239#Andre Veiga Santos#andre.veiga-santos@capgemini.com
3240#Antonio Luis Esteves da Fonseca de Moraes Sarmento#antonio.sarmento@capgemini.com
3241#Catia Isabel Ricardo Rodriguez#catia.rodriguez@capgemini.com
3242#Daniel dos Santos Domingos#daniel.domingos@capgemini.com
3243#Gabriel Jose Sequeira Andrade#gabriel.andrade@capgemini.com
3244#Goncalo de Sousa Neves#goncalo.neves@capgemini.com
3245#Goncalo Rodrigo Costa Duarte#goncalo.duarte@capgemini.com
3246#Henrique Ramalhete Gaspar#henrique.gaspar@capgemini.com
3247#Ines Evangelista Martins#ines.martins@capgemini.com
3248#Joana Bolota Borda D Agua#joana.dagua@capgemini.com
3249#Joao Paulo Monge Freire#joao.freire@capgemini.com
3250#Joao Pedro da Silva Reis#joao.reis@capgemini.com
3251#Jorge Paulo Sarmento Morais Pascoa Ferreira#jorge.ferreira@capgemini.com
3252#Manuel Moreira Batista#manuel.batista@capgemini.com
3253#Marcelo Garcia Domingues#marcelo.garcia-domingues@capgemini.com
3254#Miguel da Cruz Alves#miguel.alves@capgemini.com
3255#Nuno Miguel Grosso Vinagre#nuno.vinagre@capgemini.com
3256#Rafael Ferreira Mateus#rafael.mateus@capgemini.com
3257#Svitlana Topal#svitlana.topal@capgemini.com
3258#Tiago Joao Lopes Ferreira#tiago-joao.ferreira@capgemini.com
3204#Andre Da Avo#andre.davo@capgemini.com
3209#Ines Lourenco#ines.lourenco@capgemini.com